Model,Accuracy,Precision (Weighted Avg),Recall (Weighted Avg),F1-Score (Weighted Avg)
Multinomial Logistic Regression,0.16521739130434782,0.05713246972960315,0.16521739130434782,0.07822589664430427
Random Forest Classifier,0.9969309462915601,0.9969621239800268,0.9969309462915601,0.9969329946683678
